id,status,title,artist,style,sources,spotifyUrls,youtubeUrls,cifraClubUrls,ultimateGuitarUrls,tags,notes
"vitor-kley-a-bolha","quero aprender","A Bolha","Vitor Kley","Pop","Spotify","https://open.spotify.com/track/4qteAYpihYlZXGCN9Q5ZKy","","","","backlog","Spotify-only entry from playlist export."
"america-george-martin-a-horse-with-no-name","quero aprender","A Horse with No Name","America, George Martin","Unclassified","Spotify","https://open.spotify.com/track/54eZmuggBFJbV7k248bTTt","","","","backlog","Spotify-only entry from playlist export."
"ivete-sangalo-a-lua-q-eu-t-dei","quero aprender","A Lua Q Eu T Dei","Ivete Sangalo","Axé","Spotify","https://open.spotify.com/track/1eGSrRkBe0L6ttFrPGNxHX","","","","backlog","Spotify-only entry from playlist export."
"tie-a-noite","toco","A Noite","Tiê","MPB","Spotify | Cifra Club","https://open.spotify.com/track/1GMXM1ghhPvS76g9zjQRaU","","https://www.cifraclub.com.br/tie/a-noite/","","repertório",""
"bryan-behr-a-vida-e-boa-com-voce-voz-e-violao","quero aprender","A Vida É Boa Com Você - Voz E Violão","Bryan Behr","Pop","Spotify","https://open.spotify.com/track/7w36CnYumoRl1ryZOWsJnk","","","","backlog","Spotify-only entry from playlist export."
"skank-acima-do-sol","toco","Acima do Sol","Skank","Pop Rock","Cifra Club","","","https://www.cifraclub.com.br/skank/acima-do-sol/","","repertório",""
"alceu-valenca-ai-que-saudade-doce","toco","Ai Que Saudade D'ocê","Alceu Valença","MPB","Cifra Club","","","https://www.cifraclub.com.br/alceu-valenca/ai-que-saudade-doce/","","repertório",""
"vitor-kley-ainda-bem-que-chegou","quero aprender","Ainda Bem Que Chegou","Vitor Kley","Pop","Spotify","https://open.spotify.com/track/14p2PhJn38Af8Ov7aQeP1o","","","","backlog","Spotify-only entry from playlist export."
"musicas-infantis-alecrim","toco","Alecrim","Músicas Infantis","Children","Cifra Club","","","https://www.cifraclub.com.br/musicas-infantis/alecrim/","","repertório",""
"pearl-jam-alive","toco","Alive","Pearl Jam","Grunge","Ultimate Guitar","","","","https://tabs.ultimate-guitar.com/tab/pearl-jam/alive-official-460","repertório",""
"lady-gaga-always-remember-us-this-way","toco","Always Remember Us This Way","Lady Gaga","Pop","Cifra Club | Ultimate Guitar","","","https://www.cifraclub.com.br/lady-gaga/always-remember-us-this-way/","https://tabs.ultimate-guitar.com/tab/lady-gaga/always-remember-us-this-way-chords-2488831","repertório",""
"vitor-kley-anjo-ou-mulher","quero aprender","Anjo Ou Mulher","Vitor Kley","Pop","Spotify","https://open.spotify.com/track/3N1QUO1P5Vtil4aubCLcWR","","","","backlog","Spotify-only entry from playlist export."
"alceu-valenca-anunciacao","toco","Anunciação","Alceu Valença","MPB","Cifra Club","","","https://www.cifraclub.com.br/alceu-valenca/anunciacao/","","repertório",""
"joao-gilberto-caetano-veloso-gilberto-gil-aquarela-do-brasil","quero aprender","Aquarela do Brasil","João Gilberto, Caetano Veloso, Gilberto Gil","MPB","Spotify","https://open.spotify.com/track/4JA89bJXOUl8OaGDkrhaoi","","","","backlog","Spotify-only entry from playlist export."
"engenheiros-do-hawaii-ate-o-fim","toco","Até o Fim","Engenheiros do Hawaii","Rock","Spotify | Cifra Club","https://open.spotify.com/track/1fa1CGNcZTB1HYh4ut8nb3","","https://www.cifraclub.com.br/engenheiros-do-hawaii/ate-o-fim/","","repertório",""
"tim-maia-azul-da-cor-do-mar","toco","Azul da Cor do Mar","Tim Maia","MPB","Cifra Club","","","https://www.cifraclub.com.br/tim-maia/azul-da-cor-do-mar/","","repertório",""
"castelo-ra-tim-bum-banho-e-bom","quero aprender","Banho É Bom","Castelo Rá-Tim-Bum","Unclassified","YouTube","","https://www.youtube.com/watch?v=lfQPYBocY5U&list=PLf7ayjqcbk-2HApJ5o8lhXI5jvKSCqsqY&index=28","","","aula | prática","YouTube-only inferred entry. | YouTube-only inferred from lesson title"
"duncan-sheik-barely-breathing","toco","Barely Breathing","Duncan Sheik","Pop","Cifra Club","","","https://www.cifraclub.com.br/duncan-sheik/barely-breathing/","","repertório",""
"timbalada-beija-flor","quero aprender","Beija-Flor","Timbalada","Axé","Spotify","https://open.spotify.com/track/2qzvVh6WD7pP0DUkSyANNf","","","","backlog","Spotify-only entry from playlist export."
"foo-fighters-best-of-you","toco","Best Of You","Foo Fighters","Rock","Ultimate Guitar","","","","https://tabs.ultimate-guitar.com/tab/foo-fighters/best-of-you-official-1486","repertório",""
"duda-beat-bixinho","toco","Bixinho","DUDA BEAT","Pop","Cifra Club","","","https://www.cifraclub.com.br/duda-beat/bixinho/","","repertório",""
"pearl-jam-black","toco","Black","Pearl Jam","Grunge","Ultimate Guitar","","","","https://tabs.ultimate-guitar.com/tab/pearl-jam/black-official-459","repertório",""
"ed-sheeran-bloodstream","quero aprender","Bloodstream","Ed Sheeran","Unclassified","YouTube","","https://www.youtube.com/watch?v=bwqXNqMAoIQ&list=PLf7ayjqcbk-2HApJ5o8lhXI5jvKSCqsqY&index=4","","","aula | prática","YouTube-only inferred entry. | YouTube-only inferred from lesson title"
"the-paper-kites-bloom","quero aprender","Bloom","The Paper Kites","Unclassified","YouTube","","https://www.youtube.com/watch?v=5KkMehl9chg&list=PLf7ayjqcbk-2HApJ5o8lhXI5jvKSCqsqY&index=9","","","aula | prática","YouTube-only inferred entry. | YouTube-only inferred from lesson title"
"vanessa-da-mata-boa-sorte-good-luck","toco","Boa Sorte / Good Luck","Vanessa da Mata","MPB","Cifra Club","","","https://www.cifraclub.com.br/vanessa-da-mata/boa-sorte-good-luck/","","repertório",""
"waldir-azevedo-brasileirinho","quero aprender","Brasileirinho","Waldir Azevedo","Unclassified","YouTube","","https://www.youtube.com/watch?v=1rJ_rSE7i_M&list=PLf7ayjqcbk-2HApJ5o8lhXI5jvKSCqsqY&index=2","","","aula | prática","YouTube-only inferred entry. | YouTube-only inferred from lesson title"
"seu-jorge-burguesinha","toco","Burguesinha","Seu Jorge","MPB","Spotify | Cifra Club","https://open.spotify.com/track/5iEEpVPlnH41wyAsYcON7w","","https://www.cifraclub.com.br/seu-jorge/burguesinha/","","repertório",""
"ub40-cant-help-falling-in-love","toco","Can't Help Falling In Love","UB40","Reggae","Ultimate Guitar","","","","https://tabs.ultimate-guitar.com/tab/ub40/cant-help-falling-in-love-chords-1489","repertório",""
"roberta-campos-casinha-branca","quero aprender","Casinha Branca","Roberta Campos","MPB","Spotify","https://open.spotify.com/track/2UulLXSktlUcm4nMn2VEOw","","","","backlog","Spotify-only entry from playlist export."
"east-duo-chubina","quero aprender","Chubina","East Duo","Unclassified","Spotify","https://open.spotify.com/track/4fM10RegWg0anIxBlJvjc5","","","","backlog","Spotify-only entry from playlist export."
"kid-abelha-como-eu-quero","toco","Como Eu Quero","Kid Abelha","Pop Rock","Cifra Club","","","https://www.cifraclub.com.br/kid-abelha/como-eu-quero/","","repertório",""
"yann-tiersen-comptine-dun-autre-ete","quero aprender","Comptine D'un Autre Été","Yann Tiersen","Unclassified","YouTube","","https://www.youtube.com/watch?v=y8UltHYTRvc&list=PLf7ayjqcbk-2HApJ5o8lhXI5jvKSCqsqY&index=22","","","aula | prática","YouTube-only inferred entry. | YouTube-only inferred from lesson title"
"ivete-sangalo-alejandro-sanz-corazon-partio-live","quero aprender","Corazón Partío - Live","Ivete Sangalo, Alejandro Sanz","Axé","Spotify","https://open.spotify.com/track/2YDEicPdvsU6NGVI6WNjJu","","","","backlog","Spotify-only entry from playlist export."
"the-sweeplings-cotton-eye-joe","toco","Cotton Eye Joe","The Sweeplings","Folk","Ultimate Guitar","","","","https://tabs.ultimate-guitar.com/tab/the-sweeplings/cotton-eye-joe-chords-1844827","repertório",""
"onerepublic-counting-stars","toco","Counting Stars","OneRepublic","Pop Rock","Ultimate Guitar","","","","https://tabs.ultimate-guitar.com/tab/onerepublic/counting-stars-official-1407373","repertório",""
"radiohead-creep","toco","Creep","Radiohead","Alternative Rock","Ultimate Guitar","","","","https://tabs.ultimate-guitar.com/tab/radiohead/creep-official-391","repertório",""
"tones-and-i-dance-monkey","toco","Dance Monkey","Tones And I","Pop","YouTube | Ultimate Guitar","","https://www.youtube.com/watch?v=memfFH-2FH8&list=PLf7ayjqcbk-2HApJ5o8lhXI5jvKSCqsqY&index=15","","https://tabs.ultimate-guitar.com/tab/tones-and-i/dance-monkey-official-2814749","repertório",""
"biquini-cavadao-dani","quero aprender","Dani","Biquini Cavadão","Rock","Spotify","https://open.spotify.com/track/5zcMNdo5vG2cPAG64eUhv6","","","","backlog","Spotify-only entry from playlist export."
"roberta-campos-nando-reis-de-janeiro-a-janeiro","quero aprender","De Janeiro a Janeiro","Roberta Campos, Nando Reis","MPB","Spotify","https://open.spotify.com/track/1de5qtvROLxLtMAQrmZjev","","","","backlog","Spotify-only entry from playlist export."
"gustavo-santaolalla-de-ushuaia-a-la-quiaca","toco","De Ushuaia A La Quiaca","Gustavo Santaolalla","Instrumental","Ultimate Guitar","","","","https://tabs.ultimate-guitar.com/tab/gustavo-santaolalla/de-ushuaia-a-la-quiaca-pro-1485","repertório",""
"1kilo-deixe-me-ir","toco","Deixe-me Ir","1Kilo","Pop","Spotify | Cifra Club","https://open.spotify.com/track/2srL4DYBekshpbprS6H0mO","","https://www.cifraclub.com.br/1kilo/deixe-me-ir/","","repertório",""
"gilsons-devagarinho","toco","Devagarinho","Gilsons","MPB","Spotify | Cifra Club","https://open.spotify.com/track/6Z31EC25RDuY3EdasdaYfg","","https://www.cifraclub.com.br/gilsons/devagarinho/","","repertório",""
"beady-belle-diamond-in-the-rough","quero aprender","Diamond In the Rough","Beady Belle","Unclassified","Spotify","https://open.spotify.com/track/0PUob31G0KYhIKtCj5BzH2","","","","backlog","Spotify-only entry from playlist export."
"the-beatles-dont-let-me-down","toco","Don't Let Me Down","The Beatles","Rock","Ultimate Guitar","","","","https://tabs.ultimate-guitar.com/tab/the-beatles/dont-let-me-down-official-1867","repertório",""
"journey-dont-stop-believin","quero aprender","Don't Stop Believin'","Journey","Unclassified","YouTube","","https://www.youtube.com/watch?v=T5ae-07_dIs&list=PLf7ayjqcbk-2HApJ5o8lhXI5jvKSCqsqY&index=19","","","aula | prática","YouTube-only inferred entry. | YouTube-only inferred from lesson title"
"chico-buarque-clara-buarque-dueto","quero aprender","Dueto","Chico Buarque, Clara Buarque","MPB","Spotify","https://open.spotify.com/track/1UI0p7UHJVyiVlug9ENhjg","","","","backlog","Spotify-only entry from playlist export."
"kansas-dust-in-the-wind","toco","Dust In The Wind","Kansas","Rock","Spotify | YouTube | Ultimate Guitar","https://open.spotify.com/track/6zeE5tKyr8Nu882DQhhSQI","https://www.youtube.com/watch?v=OxmWRVZ3vo0&list=PLf7ayjqcbk-2HApJ5o8lhXI5jvKSCqsqY&index=13","","https://tabs.ultimate-guitar.com/tab/kansas/dust-in-the-wind-official-1478","repertório",""
"vitor-kley-jao-duvida","quero aprender","Dúvida","Vitor Kley, Jão","Pop","Spotify","https://open.spotify.com/track/7Am8d85ZLUdzezS54Vfatk","","","","backlog","Spotify-only entry from playlist export."
"engenheiros-do-hawaii-eu-que-nao-amo-voce-ao-vivo","quero aprender","Eu Que Não Amo Você - Ao Vivo","Engenheiros Do Hawaii","Rock","Spotify","https://open.spotify.com/track/3rlVZjvUX53ZmlIz17zdr2","","","","backlog","Spotify-only entry from playlist export."
"bryan-behr-eu-te-amo-voz-e-violao","quero aprender","Eu Te Amo - Voz E Violão","Bryan Behr","Pop","Spotify","https://open.spotify.com/track/4U9eZDj53JgPJxnEMZjd0h","","","","backlog","Spotify-only entry from playlist export."
"vertical-horizon-everything-you-want","toco","Everything You Want","Vertical Horizon","Rock","Ultimate Guitar","","","","https://tabs.ultimate-guitar.com/tab/vertical-horizon/everything-you-want-official-1487","repertório",""
"cazuza-exagerado","toco","Exagerado","Cazuza","MPB","Cifra Club","","","https://www.cifraclub.com.br/cazuza/exagerado/","","repertório",""
"mundo-bita-fazendinha","quero aprender","Fazendinha","Mundo Bita","Unclassified","YouTube","","https://www.youtube.com/watch?v=tE5IHj2jIMI&list=PLf7ayjqcbk-2HApJ5o8lhXI5jvKSCqsqY&index=27","","","aula | prática","YouTube-only inferred entry. | YouTube-only inferred from lesson title"
"sting-fragile","quero aprender","Fragile","Sting","Unclassified","YouTube","","https://www.youtube.com/watch?v=EX24F1n4EYk&list=PLf7ayjqcbk-2HApJ5o8lhXI5jvKSCqsqY&index=24","","","aula | prática","YouTube-only inferred entry. | YouTube-only inferred from lesson title"
"the-greatest-showman-from-now-on","quero aprender","From Now On","The Greatest Showman","Unclassified","YouTube","","https://www.youtube.com/watch?v=cS5IXFl_B2A&list=PLf7ayjqcbk-2HApJ5o8lhXI5jvKSCqsqY&index=16","","","aula | prática","YouTube-only inferred entry. | YouTube-only inferred from lesson title"
"leoni-garotos-ii-o-outro-lado","toco","Garotos II - O Outro Lado","Leoni","MPB","Spotify | Cifra Club","https://open.spotify.com/track/74cONalKw3Op50jjyDDrV4 | https://open.spotify.com/track/1wLqPjSFDIH59nhQ5Th5XT","","https://www.cifraclub.com.br/leoni/garotos-ii-o-outro-lado/","","repertório",""
"green-day-good-riddance-time-of-your-life","toco","Good Riddance (Time Of Your Life)","Green Day","Punk Rock","Cifra Club | Ultimate Guitar","","","https://www.cifraclub.com.br/green-day/good-riddance-time-of-your-life/","https://tabs.ultimate-guitar.com/tab/green-day/good-riddance-time-of-your-life-official-191355","repertório",""
"pharrell-williams-happy","quero aprender","Happy","Pharrell Williams","Unclassified","YouTube","","https://www.youtube.com/watch?v=jzRj0g13voQ&list=PLf7ayjqcbk-2HApJ5o8lhXI5jvKSCqsqY&index=10","","","aula | prática","YouTube-only inferred entry. | YouTube-only inferred from lesson title"
"creedence-clearwater-revival-have-you-ever-seen-the-rain","toco","Have You Ever Seen The Rain","Creedence Clearwater Revival","Rock","Spotify | Ultimate Guitar","https://open.spotify.com/track/2LawezPeJhN4AWuSB0GtAU","","","https://tabs.ultimate-guitar.com/tab/creedence-clearwater-revival/have-you-ever-seen-the-rain-official-191355","repertório",""
"the-beatles-here-comes-the-sun","toco","Here Comes The Sun","The Beatles","Rock","Ultimate Guitar","","","","https://tabs.ultimate-guitar.com/tab/the-beatles/here-comes-the-sun-official-1866","repertório",""
"avriel-e-the-sequoias-hey-ya","toco","Hey Ya","Avriel & The Sequoias","Folk","Spotify | Ultimate Guitar","https://open.spotify.com/track/6LfGZ9i7ocRJtffuG2um26","","","https://tabs.ultimate-guitar.com/tab/avriel-the-sequoias/hey-ya-chords-1844825","repertório",""
"eagles-hotel-california","toco","Hotel California","Eagles","Rock","Spotify | YouTube | Ultimate Guitar","https://open.spotify.com/track/40riOy7x9W7GXjyGp4pjAv","https://www.youtube.com/watch?v=JIDdI-AtK-Q&list=PLf7ayjqcbk-2HApJ5o8lhXI5jvKSCqsqY&index=5","","https://tabs.ultimate-guitar.com/tab/eagles/hotel-california-chords-46190","repertório",""
"doc-watson-richard-watson-house-of-the-rising-sun","quero aprender","House Of The Rising Sun","Doc Watson, Richard Watson","Unclassified","Spotify","https://open.spotify.com/track/2PNKRCRL2sFKiA9jAWvYrh","","","","backlog","Spotify-only entry from playlist export."
"ed-sheeran-i-see-fire","toco","I See Fire","Ed Sheeran","Pop","Ultimate Guitar","","","","https://tabs.ultimate-guitar.com/tab/ed-sheeran/i-see-fire-official-1383187","repertório",""
"daparte-iaia-acustico","quero aprender","Iaiá (Acústico)","Daparte","Unclassified","Spotify","https://open.spotify.com/track/0MApI6oj5PvutUnDvhNnUV","","","","backlog","Spotify-only entry from playlist export."
"john-lennon-imagine","toco","Imagine","John Lennon","Rock","Ultimate Guitar","","","","https://tabs.ultimate-guitar.com/tab/john-lennon/imagine-official-191355","repertório",""
"the-xx-intro","toco","Intro","The xx","Alternative","Ultimate Guitar","","","","https://tabs.ultimate-guitar.com/tab/the-xx/intro-official-1078314","repertório",""
"tribalistas-ja-sei-namorar","toco","Já Sei Namorar","Tribalistas","MPB","Cifra Club","","","https://www.cifraclub.com.br/tribalistas/ja-sei-namorar/","","repertório",""
"vitor-kley-vitao-jacaranda","quero aprender","Jacarandá","Vitor Kley, Vitão","Pop","Spotify","https://open.spotify.com/track/1SImfwLmaBItSdUrz6IFF9","","","","backlog","Spotify-only entry from playlist export."
"zaz-je-veux","toco","Je Veux","Zaz","Pop","Ultimate Guitar","","","","https://tabs.ultimate-guitar.com/tab/zaz/je-veux-chords-1094775","repertório",""
"seal-kiss-from-a-rose","toco","Kiss From a Rose","Seal","Pop","Cifra Club | Ultimate Guitar","","","https://www.cifraclub.com.br/seal/kiss-from-a-rose/","https://tabs.ultimate-guitar.com/tab/seal/kiss-from-a-rose-chords-1497","repertório",""
"bob-dylan-knockin-on-heavens-door","quero aprender","Knockin' On Heaven's Door","Bob Dylan","Unclassified","Spotify","https://open.spotify.com/track/6HSXNV0b4M4cLJ7ljgVVeh","","","","backlog","Spotify-only entry from playlist export."
"kid-abelha-lagrimas-e-chuva","toco","Lágrimas e Chuva","Kid Abelha","Pop Rock","Spotify | Cifra Club","https://open.spotify.com/track/4NTkYE3ZMSQ5ufiJHTBXc7","","https://www.cifraclub.com.br/kid-abelha/lagrimas-e-chuva/","","repertório",""
"pearl-jam-last-kiss","toco","Last Kiss","Pearl Jam","Grunge","Cifra Club","","","https://www.cifraclub.com.br/pearl-jam/last-kiss/","","repertório",""
"zeca-baleiro-lenha","toco","Lenha","Zeca Baleiro","MPB","Cifra Club","","","https://www.cifraclub.com.br/zeca-baleiro/lenha/","","repertório",""
"tommy-emmanuel-lewis-e-clark","quero aprender","Lewis & Clark","Tommy Emmanuel","Unclassified","Spotify","https://open.spotify.com/track/5vLX4CgAZCwqUO8PSW8UWA","","","","backlog","Spotify-only entry from playlist export."
"the-cranberries-linger","toco","Linger","The Cranberries","Rock","Cifra Club","","","https://www.cifraclub.com.br/the-cranberries/linger/","","repertório",""
"the-doobie-brothers-long-train-runnin","quero aprender","Long Train Runnin'","The Doobie Brothers","Unclassified","Spotify","https://open.spotify.com/track/4nXkbcTj3nyww1cHkw5RAP","","","","backlog","Spotify-only entry from playlist export."
"r-e-m-losing-my-religion","quero aprender","Losing My Religion","R.E.M.","Unclassified","Spotify | YouTube","https://open.spotify.com/track/1RYSbUnasW12klBZ9lxWIM","https://www.youtube.com/watch?v=ZyIVfDfLf5U&list=PLf7ayjqcbk-2HApJ5o8lhXI5jvKSCqsqY&index=1","","","aula | prática","Spotify-only entry from playlist export."
"chip-taylor-love-knows-the-clouds","quero aprender","Love Knows the Clouds","Chip Taylor","Unclassified","Spotify","https://open.spotify.com/track/4fvpS3Df3Y8VRo5dyeGtlz","","","","backlog","Spotify-only entry from playlist export."
"gilsons-love-love","toco","Love Love","Gilsons","MPB","Cifra Club","","","https://www.cifraclub.com.br/gilsons/love-love/","","repertório",""
"jota-quest-mais-uma-vez","toco","Mais Uma Vez","Jota Quest","Pop Rock","Cifra Club","","","https://www.cifraclub.com.br/jota-quest/mais-uma-vez/","","repertório",""
"cassia-eller-malandragem","toco","Malandragem","Cássia Eller","MPB","Spotify | Cifra Club","https://open.spotify.com/track/2Ktn7Hg3jocizpfzYJKLty","","https://www.cifraclub.com.br/cassia-eller/malandragem/","","repertório",""
"natiruts-me-namora","toco","Me Namora","Natiruts","Reggae","Cifra Club","","","https://www.cifraclub.com.br/natiruts/me-namora/","","repertório",""
"maiara-e-maraisa-medo-bobo","toco","Medo Bobo","Maiara & Maraisa","Sertanejo","Spotify | Cifra Club","https://open.spotify.com/track/17dS7mrtNwH05RFjgMjLFi","","https://www.cifraclub.com.br/maiara-e-maraisa/medo-bobo/","","repertório",""
"vitor-kley-menina-linda","quero aprender","Menina Linda","Vitor Kley","Pop","Spotify","https://open.spotify.com/track/7HUiek8MyBiLGM33NzgUSm","","","","backlog","Spotify-only entry from playlist export."
"jorge-ben-jor-menina-mulher-da-pele-preta-o-telefone-tocou-novamente-ao-vivo","quero aprender","Menina Mulher Da Pele Preta / O Telefone Tocou Novamente - Ao Vivo","Jorge Ben Jor","Unclassified","Spotify","https://open.spotify.com/track/58NwrgrqkJ1F16Cv0NHgdB","","","","backlog","Spotify-only entry from playlist export."
"maeana-meu-pedaco-de-pecado","quero aprender","Meu Pedaço de Pecado","Mãeana","Unclassified","Spotify","https://open.spotify.com/track/0ioDPiytuIov5YwJwAAXk1 | https://open.spotify.com/track/17ZU0Cd1YGptSIT2b7KV3q","","","","backlog","Spotify-only entry from playlist export."
"netinho-milla-versao-estudio","quero aprender","Milla - Versão Estúdio","Netinho","Axé","Spotify","https://open.spotify.com/track/3DfFBLIBN69s2xzCouYYPW","","","","backlog","Spotify-only entry from playlist export."
"roberta-campos-minha-felicidade","toco","Minha Felicidade","Roberta Campos","MPB","Spotify | Cifra Club","https://open.spotify.com/track/6vARbzVXg90V8fYmgks5u3","","https://www.cifraclub.com.br/roberta-campos/minha-felicidade/","","repertório",""
"galinha-pintadinha-musicas-da-galinha-pintadinha","quero aprender","Músicas da Galinha Pintadinha","Galinha Pintadinha","Unclassified","YouTube","","https://www.youtube.com/watch?v=_-onCA-4uic&list=PLf7ayjqcbk-2HApJ5o8lhXI5jvKSCqsqY&index=26","","","aula | prática","YouTube-only inferred entry. | Compilation lesson, kept as tutorial item"
"fran-chico-chico-ninguem","quero aprender","Ninguém","Fran, Chico Chico","Unclassified","Spotify","https://open.spotify.com/track/5O4lp65sEWenlviCdYdeOG","","","","backlog","Spotify-only entry from playlist export."
"daniela-mercury-nobre-vagabundo","quero aprender","Nobre Vagabundo","Daniela Mercury","Axé","Spotify","https://open.spotify.com/track/22LLjUNRN1fT4U5MlsB6wo","","","","backlog","Spotify-only entry from playlist export."
"metallica-nothing-else-matters","toco","Nothing Else Matters","Metallica","Metal","Ultimate Guitar","","","","https://tabs.ultimate-guitar.com/tab/metallica/nothing-else-matters-official-377","repertório",""
"staind-nutshell-acoustic-live","quero aprender","Nutshell - Acoustic Live","Staind","Unclassified","Spotify","https://open.spotify.com/track/4JRSpS4F9P6XlQrCWbssLQ","","","","backlog","Spotify-only entry from playlist export."
"vitor-kley-o-amor-e-o-segredo","quero aprender","O Amor é o Segredo","Vitor Kley","Pop","Spotify","https://open.spotify.com/track/7tOXo8dzQYKgWHWB9nxBVg","","","","backlog","Spotify-only entry from playlist export."
"nick-cave-o-children","toco","O' Children","Nick Cave","Alternative","Cifra Club","","","https://www.cifraclub.com.br/nick-cave/o-children/","","repertório",""
"capital-inicial-o-passageiro","toco","O Passageiro","Capital Inicial","Rock","Cifra Club","","","https://www.cifraclub.com.br/capital-inicial/o-passageiro/","","repertório",""
"malu-o-show-tem-que-continuar","quero aprender","O Show Tem Que Continuar","MaLu","Unclassified","Spotify","https://open.spotify.com/track/33E50wD37G84IuVKrJguBG","","","","backlog","Spotify-only entry from playlist export."
"vitor-kley-o-sol","toco","O Sol","Vitor Kley","Pop","Cifra Club","","","https://www.cifraclub.com.br/vitor-kley/o-sol/","","repertório",""
"vitor-kley-o-tempo","quero aprender","O Tempo","Vitor Kley","Pop","Spotify","https://open.spotify.com/track/0G2HoL4vtLJnMhrwI9WWiO","","","","backlog","Spotify-only entry from playlist export."
"nando-reis-melim-onde-voce-mora","quero aprender","Onde Você Mora?","Nando Reis, Melim","MPB","Spotify","https://open.spotify.com/track/4It6aechBYAqeqiBHvuvRL","","","","backlog","Spotify-only entry from playlist export."
"rita-lee-zelia-duncan-pagu","quero aprender","Pagu","Rita Lee, Zélia Duncan","MPB","Spotify","https://open.spotify.com/track/5uDxxT5hBxtOj7qTR0WCoB","","","","backlog","Spotify-only entry from playlist export."
"rubel-partilhar","toco","Partilhar","Rubel","MPB","Cifra Club","","","https://www.cifraclub.com.br/rubel/partilhar/","","repertório",""
"o-rappa-pescador-de-ilusoes","toco","Pescador de Ilusões","O Rappa","Rock","Cifra Club","","","https://www.cifraclub.com.br/o-rappa/pescador-de-ilusoes/","","repertório",""
"galinha-pintadinha-pintinho-amarelinho","toco","Pintinho Amarelinho","Galinha Pintadinha","Children","Cifra Club","","","https://www.cifraclub.com.br/galinha-pintadinha/pintinho-amarelinho/","","repertório",""
"vitor-kley-ponto-de-paz","quero aprender","Ponto de Paz","Vitor Kley","Pop","Spotify","https://open.spotify.com/track/3wrOFRGt8IALJ0uo3nrkzQ","","","","backlog","Spotify-only entry from playlist export."
"nando-reis-por-onde-andei-ao-vivo","quero aprender","Por Onde Andei - Ao Vivo","Nando Reis","MPB","Spotify","https://open.spotify.com/track/3z2PwC8HC26vbOpsBS5Nrr","","","","backlog","Spotify-only entry from playlist export."
"titas-pra-dizer-adeus","toco","Pra Dizer Adeus","Titãs","Rock","Cifra Club","","","https://www.cifraclub.com.br/titas/pra-dizer-adeus/","","repertório",""
"zeca-baleiro-proibida-pra-mim","toco","Proibida Pra Mim","Zeca Baleiro","MPB","Spotify | Cifra Club","https://open.spotify.com/track/5Te6AchmV1n93VD6DUDN3X","","https://www.cifraclub.com.br/zeca-baleiro/proibida-pra-mim/","","repertório",""
"corinne-bailey-rae-put-your-records-on","quero aprender","Put Your Records On","Corinne Bailey Rae","Pop","Spotify","https://open.spotify.com/track/2nGFzvICaeEWjIrBrL2RAx","","","","backlog","Spotify-only entry from playlist export."
"caetano-veloso-qualquer-coisa","quero aprender","Qualquer Coisa","Caetano Veloso","MPB","Spotify","https://open.spotify.com/track/5JuWx9sV8TbtIMhiiPVbnz","","","","backlog","Spotify-only entry from playlist export."
"biquini-cavadao-quando-eu-te-encontrar-ao-vivo","quero aprender","Quando Eu Te Encontrar - Ao Vivo","Biquini Cavadão","Rock","Spotify","https://open.spotify.com/track/4guGLakUUP5FDnUnW7CMsU","","","","backlog","Spotify-only entry from playlist export."
"biquini-cavadao-quanto-tempo-demora-um-mes-ao-vivo","quero aprender","Quanto Tempo Demora um Mês - Ao Vivo","Biquini Cavadão","Rock","Spotify","https://open.spotify.com/track/4GBRczSIO1lEe9pb9m7FWP","","","","backlog","Spotify-only entry from playlist export."
"avriel-e-the-sequoias-quarter-past-four","toco","Quarter Past Four","Avriel & The Sequoias","Folk","Cifra Club | Ultimate Guitar","","","https://www.cifraclub.com.br/avriel-the-sequoias/quarter-past-four/","https://tabs.ultimate-guitar.com/tab/avriel-the-sequoias/quarter-past-four-chords-1844826","repertório",""
"zelia-duncan-quase-sem-querer","quero aprender","Quase sem querer","Zélia Duncan","MPB","Spotify","https://open.spotify.com/track/5ImDEF4NcOMoxczdsk2B6k","","","","backlog","Spotify-only entry from playlist export."
"natiruts-quero-ser-feliz-tambem","toco","Quero Ser Feliz Também","Natiruts","Reggae","Cifra Club","","","https://www.cifraclub.com.br/natiruts/quero-ser-feliz-tambem/","","repertório",""
"cassia-eller-nando-reis-relicario-ao-vivo","quero aprender","Relicário - Ao Vivo","Cássia Eller, Nando Reis","MPB","Spotify","https://open.spotify.com/track/6HhXiy5XZ81Pyv3yCZMtj1","","","","backlog","Spotify-only entry from playlist export."
"vitor-kley-retina","quero aprender","Retina","Vitor Kley","Pop","Spotify","https://open.spotify.com/track/1UiNUXMsg7AtV0JQv4Ak6K","","","","backlog","Spotify-only entry from playlist export."
"the-greatest-showman-rewrite-the-stars","quero aprender","Rewrite The Stars","The Greatest Showman","Unclassified","YouTube","","https://www.youtube.com/watch?v=8d66coFomaQ&list=PLf7ayjqcbk-2HApJ5o8lhXI5jvKSCqsqY&index=17","","","aula | prática","YouTube-only inferred entry. | YouTube-only inferred from lesson title"
"snowy-white-the-white-flames-riding-the-blues","quero aprender","Riding the Blues","Snowy White, The White Flames","Unclassified","Spotify","https://open.spotify.com/track/6r8w9NhDqcMY3l8SicsaDt","","","","backlog","Spotify-only entry from playlist export."
"richard-marx-right-here-waiting","toco","Right Here Waiting","Richard Marx","Pop","Ultimate Guitar","","","","https://tabs.ultimate-guitar.com/tab/richard-marx/right-here-waiting-official-1482","repertório",""
"elton-john-rocket-man-i-think-its-going-to-be-a-long-long-time","quero aprender","Rocket Man (I Think It's Going To Be A Long, Long Time)","Elton John","Unclassified","Spotify","https://open.spotify.com/track/3gdewACMIVMEWVbyb8O9sY","","","","backlog","Spotify-only entry from playlist export."
"o-rappa-rodo-cotidiano","toco","Rodo Cotidiano","O Rappa","Rock","Spotify | Cifra Club","https://open.spotify.com/track/16Q58TTMLWLx29LDlQApEm","","https://www.cifraclub.com.br/o-rappa/rodo-cotidiano/","","repertório",""
"the-police-roxanne","quero aprender","Roxanne","The Police","Unclassified","YouTube","","https://www.youtube.com/watch?v=qlqkOeeeh0k&list=PLf7ayjqcbk-2HApJ5o8lhXI5jvKSCqsqY&index=21","","","aula | prática","YouTube-only inferred entry. | YouTube-only inferred from lesson title"
"technique-samba-no-violao","quero aprender","Samba no violão","Technique","Unclassified","YouTube","","https://www.youtube.com/watch?v=Agg-e99B7_g&list=PLf7ayjqcbk-2HApJ5o8lhXI5jvKSCqsqY&index=25","","","aula | prática","YouTube-only inferred entry. | Technique video, kept as tutorial item"
"seu-jorge-samba-rock-do-seu-jorge","quero aprender","Samba Rock do Seu Jorge","Seu Jorge","Unclassified","YouTube","","https://www.youtube.com/watch?v=IGg-vx9SMPQ&list=PLf7ayjqcbk-2HApJ5o8lhXI5jvKSCqsqY&index=3","","","aula | prática","YouTube-only inferred entry. | Ambiguous lesson, kept as tutorial item"
"eagle-eye-cherry-save-tonight","toco","Save Tonight","Eagle-Eye Cherry","Rock","Cifra Club","","","https://www.cifraclub.com.br/eagle-eye-cherry/save-tonight/","","repertório",""
"a-great-big-world-christina-aguilera-say-something","quero aprender","Say Something","A Great Big World, Christina Aguilera","Unclassified","YouTube","","https://www.youtube.com/watch?v=1jPpLhH23KA&list=PLf7ayjqcbk-2HApJ5o8lhXI5jvKSCqsqY&index=29","","","aula | prática","YouTube-only inferred entry. | YouTube-only inferred from lesson title"
"musicas-infantis-se-essa-rua-fosse-minha","quero aprender","Se Essa Rua Fosse Minha","Músicas Infantis","Unclassified","YouTube","","https://www.youtube.com/watch?v=Lxc8tBjJ-6Y&list=PLf7ayjqcbk-2HApJ5o8lhXI5jvKSCqsqY&index=20","","","aula | prática","YouTube-only inferred entry. | YouTube-only inferred from lesson title"
"ivete-sangalo-se-eu-nao-te-amasse-tanto-assim-acustico-em-trancoso-ao-vivo","quero aprender","Se Eu Não Te Amasse Tanto Assim - Acústico Em Trancoso / Ao Vivo","Ivete Sangalo","Axé","Spotify","https://open.spotify.com/track/5z9gmHdAMTFjxFOpuWzyYO","","","","backlog","Spotify-only entry from playlist export."
"semisonic-secret-smile","quero aprender","Secret Smile","Semisonic","Pop","Spotify","https://open.spotify.com/track/1OhctVvuAU8kVCtzDWsCTj","","","","backlog","Spotify-only entry from playlist export."
"lady-gaga-shallow","toco","Shallow","Lady Gaga","Pop","Ultimate Guitar","","","","https://tabs.ultimate-guitar.com/tab/lady-gaga/shallow-official-2488832","repertório",""
"passenger-simple-song","toco","Simple Song","Passenger","Folk","Cifra Club","","","https://www.cifraclub.com.br/passenger/simple-song/","","repertório",""
"jack-johnson-sitting-waiting-wishing","toco","Sitting Waiting Wishing","Jack Johnson","Folk","Ultimate Guitar","","","","https://tabs.ultimate-guitar.com/tab/jack-johnson/sitting-waiting-wishing-official-1483","repertório",""
"charlie-brown-jr-so-os-loucos-sabem","toco","Só Os Loucos Sabem","Charlie Brown Jr.","Rock","Cifra Club","","","https://www.cifraclub.com.br/charlie-brown-jr/so-os-loucos-sabem/","","repertório",""
"leoni-so-pro-meu-prazer","quero aprender","Só Pro Meu Prazer","Leoni","Unclassified","Spotify","https://open.spotify.com/track/6uVnCe5jUqNGeff7VFk9Uy","","","","backlog","Spotify-only entry from playlist export."
"eddie-vedder-society","toco","Society","Eddie Vedder","Folk","Spotify | YouTube | Ultimate Guitar","https://open.spotify.com/track/3bHhUEOTIbezeZ856R0BX5","https://www.youtube.com/watch?v=FZl-Q5opEt4&list=PLf7ayjqcbk-2HApJ5o8lhXI5jvKSCqsqY&index=11 | https://www.youtube.com/watch?v=ZQADtccW2wE&list=PLf7ayjqcbk-2HApJ5o8lhXI5jvKSCqsqY&index=12","","https://tabs.ultimate-guitar.com/tab/eddie-vedder/society-official-992186","repertório",""
"adele-someone-like-you","toco","Someone Like You","Adele","Pop","Ultimate Guitar","","","","https://tabs.ultimate-guitar.com/tab/adele/someone-like-you-chords-1036262","repertório",""
"israel-kamakawiwoole-somewhere-over-the-rainbow","toco","Somewhere Over The Rainbow","Israel Kamakawiwo'ole","Folk","Cifra Club","","","https://www.cifraclub.com.br/israel-kamakawiwoole/somewhere-over-the-rainbow/","","repertório",""
"engenheiros-do-hawaii-somos-quem-podemos-ser-ao-vivo","quero aprender","Somos Quem Podemos Ser - Ao Vivo","Engenheiros Do Hawaii","Rock","Spotify","https://open.spotify.com/track/05ysSyVvvSMqS6gxUPBOco","","","","backlog","Spotify-only entry from playlist export."
"natiruts-sorri-sou-rei","toco","Sorri, Sou Rei","Natiruts","Reggae","Cifra Club","","","https://www.cifraclub.com.br/natiruts/sorri-sou-rei/","","repertório",""
"led-zeppelin-stairway-to-heaven","toco","Stairway To Heaven","Led Zeppelin","Rock","Spotify | YouTube | Ultimate Guitar","https://open.spotify.com/track/5CQ30WqJwcep0pYcV4AMNc","https://www.youtube.com/watch?v=BjjO9ZbyOtU&list=PLf7ayjqcbk-2HApJ5o8lhXI5jvKSCqsqY&index=8","","https://tabs.ultimate-guitar.com/tab/led-zeppelin/stairway-to-heaven-official-14938","repertório",""
"the-beatles-stand-by-me","toco","Stand By Me","The Beatles","Rock","Cifra Club","","","https://www.cifraclub.com.br/the-beatles/stand-by-me/","","repertório",""
"renato-russo-strani-amori","quero aprender","Strani Amori","Renato Russo","Unclassified","Spotify","https://open.spotify.com/track/31GNpPGlEuQxt88tyWRnhe","","","","backlog","Spotify-only entry from playlist export."
"vitor-kley-sua-falta","quero aprender","Sua Falta","Vitor Kley","Pop","Spotify","https://open.spotify.com/track/5Eqqwfl4UMSnsz2uHZqvLQ","","","","backlog","Spotify-only entry from playlist export."
"johann-sebastian-bach-slava-grigoryan-suite-for-cello-solo-no-1-in-g-major-bwv-1007-arr-for-baritone-guitar-1-prelude","quero aprender","Suite For Cello Solo No.1 In G Major, BWV 1007 (arr. for Baritone Guitar): 1. Prélude","Johann Sebastian Bach, Slava Grigoryan","Unclassified","Spotify","https://open.spotify.com/track/2HMqLAD46S0Cq97ZTXwApv","","","","backlog","Spotify-only entry from playlist export."
"dire-straits-sultans-of-swing","toco","Sultans Of Swing","Dire Straits","Rock","Spotify | Ultimate Guitar","https://open.spotify.com/track/37Tmv4NnfQeb0ZgUC4fOJj","","","https://tabs.ultimate-guitar.com/tab/dire-straits/sultans-of-swing-official-1488","repertório",""
"norah-jones-sunrise","quero aprender","Sunrise","Norah Jones","Pop","Spotify","https://open.spotify.com/track/7zkLpY72g6lKQbiHDqri1S","","","","backlog","Spotify-only entry from playlist export."
"daniela-mercury-swing-da-cor","quero aprender","Swing da Cor","Daniela Mercury","Axé","Spotify","https://open.spotify.com/track/4QvN1r5iloT7eKvx6mjNdq","","","","backlog","Spotify-only entry from playlist export."
"zeca-baleiro-telegrama","toco","Telegrama","Zeca Baleiro","MPB","Spotify | Cifra Club","https://open.spotify.com/track/7xpDGoUGbtaquk5xMvzwTh","","https://www.cifraclub.com.br/zeca-baleiro/telegrama/","","repertório",""
"legiao-urbana-tempo-perdido","toco","Tempo Perdido","Legião Urbana","Rock","Spotify | Cifra Club","https://open.spotify.com/track/7MnT7msJZg3XBAS0OTfGrB","","https://www.cifraclub.com.br/legiao-urbana/tempo-perdido/","","repertório",""
"supertramp-the-logical-song-remastered-2010","quero aprender","The Logical Song - Remastered 2010","Supertramp","Rock","Spotify","https://open.spotify.com/track/6mHOcVtsHLMuesJkswc0GZ","","","","backlog","Spotify-only entry from playlist export."
"disturbed-the-sound-of-silence","quero aprender","The Sound of Silence","Disturbed","Unclassified","Spotify | YouTube","https://open.spotify.com/track/1Cj2vqUwlJVG27gJrun92y","https://www.youtube.com/watch?v=ExkiaabrhHM&list=PLf7ayjqcbk-2HApJ5o8lhXI5jvKSCqsqY&index=14","","","aula | prática","Spotify-only entry from playlist export."
"metallica-the-unforgiven","toco","The Unforgiven","Metallica","Metal","Ultimate Guitar","","","","https://tabs.ultimate-guitar.com/tab/metallica/the-unforgiven-official-378","repertório",""
"hans-zimmer-time","quero aprender","Time","Hans Zimmer","Unclassified","YouTube","","https://www.youtube.com/watch?v=z3BHrFvqZmE&list=PLf7ayjqcbk-2HApJ5o8lhXI5jvKSCqsqY&index=18","","","aula | prática","YouTube-only inferred entry. | YouTube-only inferred from lesson title"
"seu-jorge-tive-razao","toco","Tive Razão","Seu Jorge","MPB","Spotify | Cifra Club","https://open.spotify.com/track/2xaMV3NPiEHcd8tlSkGH2M","","https://www.cifraclub.com.br/seu-jorge/tive-razao/","","repertório",""
"maeana-to-sem-voce","quero aprender","Tô Sem Você","Mãeana","Unclassified","Spotify | YouTube","https://open.spotify.com/track/0RlNltpVEnGcGD8srnSHSS","https://www.youtube.com/watch?v=6I-rqA09NcY&list=PLf7ayjqcbk-2HApJ5o8lhXI5jvKSCqsqY&index=30","","","aula | prática","Spotify-only entry from playlist export."
"natalie-imbruglia-torn","toco","Torn","Natalie Imbruglia","Pop","Cifra Club","","","https://www.cifraclub.com.br/natalie-imbruglia/torn/","","repertório",""
"ana-vilela-trem-bala","toco","Trem-Bala","Ana Vilela","Pop","Cifra Club","","","https://www.cifraclub.com.br/ana-vilela/trem-bala/","","repertório",""
"dazaranha-tribo-da-lua","toco","Tribo da Lua","Dazaranha","Rock","Spotify | Cifra Club","https://open.spotify.com/track/0MygUPBEUoX6uWhIKtFO8n","","https://www.cifraclub.com.br/dazaranha/tribo-da-lua/","","repertório",""
"anna-kendrick-justin-timberlake-true-colors-film-version","quero aprender","True Colors - Film Version","Anna Kendrick, Justin Timberlake","Unclassified","Spotify","https://open.spotify.com/track/1JY9hsqLWZ3JB3K39Ve1xF","","","","backlog","Spotify-only entry from playlist export."
"natiruts-tudo-vai-dar-certo","toco","Tudo Vai Dar Certo","Natiruts","Reggae","Cifra Club","","","https://www.cifraclub.com.br/natiruts/tudo-vai-dar-certo/","","repertório",""
"jack-johnson-upside-down","toco","Upside Down","Jack Johnson","Folk","YouTube | Ultimate Guitar","","https://www.youtube.com/watch?v=3cWM079L8HU&list=PLf7ayjqcbk-2HApJ5o8lhXI5jvKSCqsqY&index=23","","https://tabs.ultimate-guitar.com/tab/jack-johnson/upside-down-official-1484","repertório",""
"dazaranha-vagabundo-confesso","toco","Vagabundo Confesso","Dazaranha","Rock","Cifra Club","","","https://www.cifraclub.com.br/dazaranha/vagabundo-confesso/","","repertório",""
"vitor-kley-vai-na-fe","quero aprender","Vai Na Fé","Vitor Kley","Pop","Spotify","https://open.spotify.com/track/2lvkFobAB8VzYgIIeIpSBO","","","","backlog","Spotify-only entry from playlist export."
"o-rappa-vapor-barato","toco","Vapor Barato","O Rappa","Rock","Spotify | Cifra Club","https://open.spotify.com/track/2FHHmwpksVebKcquX3QMdF","","https://www.cifraclub.com.br/o-rappa/vapor-barato/","","repertório",""
"gilsons-varias-queixas","toco","Várias Queixas","Gilsons","MPB","Spotify | YouTube | Cifra Club","https://open.spotify.com/track/5Jc9kRv6MLUQkDTAt7J1ro","https://www.youtube.com/watch?v=8ezRp7FGwJY&list=PLf7ayjqcbk-2HApJ5o8lhXI5jvKSCqsqY&index=7","https://www.cifraclub.com.br/gilsons/varias-queixas/","","repertório",""
"tribalistas-velha-infancia","toco","Velha Infância","Tribalistas","MPB","Cifra Club","","","https://www.cifraclub.com.br/tribalistas/velha-infancia/","","repertório",""
"gilsons-vento-alecrim","quero aprender","Vento Alecrim","Gilsons","MPB","Spotify","https://open.spotify.com/track/0MuDhSPR7wZxIBHDk6NDoD","","","","backlog","Spotify-only entry from playlist export."
"tim-maia-voce","toco","Você","Tim Maia","MPB","Cifra Club","","","https://www.cifraclub.com.br/tim-maia/voce/","","repertório",""
"anitta-caetano-veloso-voce-mentiu","quero aprender","Você mentiu","Anitta, Caetano Veloso","MPB","Spotify","https://open.spotify.com/track/2GsvXMAz16fKroAmaCxLfL","","","","backlog","Spotify-only entry from playlist export."
"bon-jovi-wanted-dead-or-alive","toco","Wanted Dead Or Alive","Bon Jovi","Rock","Ultimate Guitar","","","","https://tabs.ultimate-guitar.com/tab/bon-jovi/wanted-dead-or-alive-official-1481","repertório",""
"israel-kamakawiwoole-what-a-wonderful-world","toco","What a Wonderful World","Israel Kamakawiwo'ole","Folk","Spotify | Cifra Club","https://open.spotify.com/track/1Fzm9s6Fh1Eumj5tU4q20m","","https://www.cifraclub.com.br/israel-kamakawiwoole/what-a-wonderful-world/","","repertório",""
"4-non-blondes-whats-up","toco","What's Up","4 Non Blondes","Rock","Ultimate Guitar","","","","https://tabs.ultimate-guitar.com/tab/4-non-blondes/whats-up-official-191355","repertório",""
"green-day-when-i-come-around","toco","When I Come Around","Green Day","Punk Rock","YouTube | Ultimate Guitar","","https://www.youtube.com/watch?v=E5ndUSn5-EI&list=PLf7ayjqcbk-2HApJ5o8lhXI5jvKSCqsqY&index=6","","https://tabs.ultimate-guitar.com/tab/green-day/when-i-come-around-official-191358","repertório",""
"cat-stevens-yusuf-islam-wild-world","toco","Wild World","Cat Stevens (Yusuf Islam)","Folk","Spotify | Ultimate Guitar","https://open.spotify.com/track/7mjSHL2Eb0kAwiKbvNNyD9","","","https://tabs.ultimate-guitar.com/tab/cat-stevens/wild-world-official-1480","repertório",""
"pink-floyd-wish-you-were-here","toco","Wish You Were Here","Pink Floyd","Rock","Ultimate Guitar","","","","https://tabs.ultimate-guitar.com/tab/pink-floyd/wish-you-were-here-official-14838","repertório",""
"oasis-wonderwall","toco","Wonderwall","Oasis","Rock","Cifra Club | Ultimate Guitar","","","https://www.cifraclub.com.br/oasis/wonderwall/","https://tabs.ultimate-guitar.com/tab/oasis/wonderwall-chords-27596","repertório",""
"the-cranberries-zombie","toco","Zombie","The Cranberries","Rock","Cifra Club","","","https://www.cifraclub.com.br/the-cranberries/zombie/","","repertório",""
